Workbook

Sheet Read Me
B1: THE SOBER STRENGTH SYSTEM
B2: Editable tracker — companion to the 12-week program PDF
B5: HOW TO USE THIS FILE
B6: 1. Open the 'Daily Check-In' tab and type your start date in cell B4. Everything else dates itself from there.
B7: 2. Each morning, fill in the Sleep and Craving columns from the dropdowns. The Status column turns itself
B8: Green, Amber or Red and tells you which version of the session to run.
B9: 3. After training, add your sets to the 'Training Log' tab. Estimated 1RM calculates automatically.
B10: 4. The 'Dashboard' tab totals everything. You never type anything into it.
B12: WHICH CELLS YOU TYPE IN
B13: White cells with a border are for you. Grey cells are calculated — if you type over one you will break
B14: its formula. If that happens, close the file without saving and reopen it.
B16: OPENS IN
... B28: exercise program or changing alcohol consumption. Personal use only — not for resale or redistribution.

Sheet Lists
A1: Good | B1: Quiet | C1: Yes | D1: 01 Anchor | E1: A
A2: Broken | B2: Noticeable | C2: No | D2: 02 Build | E2: B
A3: Barely | B3: Loud | C3: Red Session | D3: 03 Claim | E3: C
E4: Upper A
E5: Lower A
E6: Upper B
E7: Lower B
E8: Test

Sheet Daily Check-In
A1: DAILY CHECK-IN
A2: Sixty seconds every morning. The Status column picks your session — see page 7 of the program.
A4: Start date | B4: =TODAY() | C4: ← type your day 1 here
A6: Date | B6: Sober day | C6: Sleep | D6: Craving | E6: Status | F6: Session done | G6: Notes
A7: =$B$4+0 | B7: =A7-$B$4+1 | E7: =IF(OR(C7="",D7=""),"",IF(OR(C7="Barely",D7="Loud"),"RED",IF(OR(C7="Broken",D7="Noticeable"),"AMBER","GREEN")))
A8: =$B$4+1 | B8: =A8-$B$4+1 | E8: =IF(OR(C8="",D8=""),"",IF(OR(C8="Barely",D8="Loud"),"RED",IF(OR(C8="Broken",D8="Noticeable"),"AMBER","GREEN")))
A9: =$B$4+2 | B9: =A9-$B$4+1 | E9: =IF(OR(C9="",D9=""),"",IF(OR(C9="Barely",D9="Loud"),"RED",IF(OR(C9="Broken",D9="Noticeable"),"AMBER","GREEN")))
A10: =$B$4+3 | B10: =A10-$B$4+1 | E10: =IF(OR(C10="",D10=""),"",IF(OR(C10="Barely",D10="Loud"),"RED",IF(OR(C10="Broken",D10="Noticeable"),"AMBER","GREEN")))
A11: =$B$4+4 | B11: =A11-$B$4+1 | E11: =IF(OR(C11="",D11=""),"",IF(OR(C11="Barely",D11="Loud"),"RED",IF(OR(C11="Broken",D11="Noticeable"),"AMBER","GREEN")))
A12: =$B$4+5 | B12: =A12-$B$4+1 | E12: =IF(OR(C12="",D12=""),"",IF(OR(C12="Barely",D12="Loud"),"RED",IF(OR(C12="Broken",D12="Noticeable"),"AMBER","GREEN")))
A13: =$B$4+6 | B13: =A13-$B$4+1 | E13: =IF(OR(C13="",D13=""),"",IF(OR(C13="Barely",D13="Loud"),"RED",IF(OR(C13="Broken",D13="Noticeable"),"AMBER","GREEN")))
A14: =$B$4+7 | B14: =A14-$B$4+1 | E14: =IF(OR(C14="",D14=""),"",IF(OR(C14="Barely",D14="Loud"),"RED",IF(OR(C14="Broken",D14="Noticeable"),"AMBER","GREEN")))
A15: =$B$4+8 | B15: =A15-$B$4+1 | E15: =IF(OR(C15="",D15=""),"",IF(OR(C15="Barely",D15="Loud"),"RED",IF(OR(C15="Broken",D15="Noticeable"),"AMBER","GREEN")))
A16: =$B$4+9 | B16: =A16-$B$4+1 | E16: =IF(OR(C16="",D16=""),"",IF(OR(C16="Barely",D16="Loud"),"RED",IF(OR(C16="Broken",D16="Noticeable"),"AMBER","GREEN")))
A17: =$B$4+10 | B17: =A17-$B$4+1 | E17: =IF(OR(C17="",D17=""),"",IF(OR(C17="Barely",D17="Loud"),"RED",IF(OR(C17="Broken",D17="Noticeable"),"AMBER","GREEN")))
A18: =$B$4+11 | B18: =A18-$B$4+1 | E18: =IF(OR(C18="",D18=""),"",IF(OR(C18="Barely",D18="Loud"),"RED",IF(OR(C18="Broken",D18="Noticeable"),"AMBER","GREEN")))
A19: =$B$4+12 | B19: =A19-$B$4+1 | E19: =IF(OR(C19="",D19=""),"",IF(OR(C19="Barely",D19="Loud"),"RED",IF(OR(C19="Broken",D19="Noticeable"),"AMBER","GREEN")))
A20: =$B$4+13 | B20: =A20-$B$4+1 | E20: =IF(OR(C20="",D20=""),"",IF(OR(C20="Barely",D20="Loud"),"RED",IF(OR(C20="Broken",D20="Noticeable"),"AMBER","GREEN")))
A21: =$B$4+14 | B21: =A21-$B$4+1 | E21: =IF(OR(C21="",D21=""),"",IF(OR(C21="Barely",D21="Loud"),"RED",IF(OR(C21="Broken",D21="Noticeable"),"AMBER","GREEN")))
A22: =$B$4+15 | B22: =A22-$B$4+1 | E22: =IF(OR(C22="",D22=""),"",IF(OR(C22="Barely",D22="Loud"),"RED",IF(OR(C22="Broken",D22="Noticeable"),"AMBER","GREEN")))
A23: =$B$4+16 | B23: =A23-$B$4+1 | E23: =IF(OR(C23="",D23=""),"",IF(OR(C23="Barely",D23="Loud"),"RED",IF(OR(C23="Broken",D23="Noticeable"),"AMBER","GREEN")))
A24: =$B$4+17 | B24: =A24-$B$4+1 | E24: =IF(OR(C24="",D24=""),"",IF(OR(C24="Barely",D24="Loud"),"RED",IF(OR(C24="Broken",D24="Noticeable"),"AMBER","GREEN")))
A25: =$B$4+18 | B25: =A25-$B$4+1 | E25: =IF(OR(C25="",D25=""),"",IF(OR(C25="Barely",D25="Loud"),"RED",IF(OR(C25="Broken",D25="Noticeable"),"AMBER","GREEN")))
A26: =$B$4+19 | B26: =A26-$B$4+1 | E26: =IF(OR(C26="",D26=""),"",IF(OR(C26="Barely",D26="Loud"),"RED",IF(OR(C26="Broken",D26="Noticeable"),"AMBER","GREEN")))
A27: =$B$4+20 | B27: =A27-$B$4+1 | E27: =IF(OR(C27="",D27=""),"",IF(OR(C27="Barely",D27="Loud"),"RED",IF(OR(C27="Broken",D27="Noticeable"),"AMBER","GREEN")))
A28: =$B$4+21 | B28: =A28-$B$4+1 | E28: =IF(OR(C28="",D28=""),"",IF(OR(C28="Barely",D28="Loud"),"RED",IF(OR(C28="Broken",D28="Noticeable"),"AMBER","GREEN")))
A29: =$B$4+22 | B29: =A29-$B$4+1 | E29: =IF(OR(C29="",D29=""),"",IF(OR(C29="Barely",D29="Loud"),"RED",IF(OR(C29="Broken",D29="Noticeable"),"AMBER","GREEN")))
A30: =$B$4+23 | B30: =A30-$B$4+1 | E30: =IF(OR(C30="",D30=""),"",IF(OR(C30="Barely",D30="Loud"),"RED",IF(OR(C30="Broken",D30="Noticeable"),"AMBER","GREEN")))
A31: =$B$4+24 | B31: =A31-$B$4+1 | E31: =IF(OR(C31="",D31=""),"",IF(OR(C31="Barely",D31="Loud"),"RED",IF(OR(C31="Broken",D31="Noticeable"),"AMBER","GREEN")))
A32: =$B$4+25 | B32: =A32-$B$4+1 | E32: =IF(OR(C32="",D32=""),"",IF(OR(C32="Barely",D32="Loud"),"RED",IF(OR(C32="Broken",D32="Noticeable"),"AMBER","GREEN")))
A33: =$B$4+26 | B33: =A33-$B$4+1 | E33: =IF(OR(C33="",D33=""),"",IF(OR(C33="Barely",D33="Loud"),"RED",IF(OR(C33="Broken",D33="Noticeable"),"AMBER","GREEN")))
A34: =$B$4+27 | B34: =A34-$B$4+1 | E34: =IF(OR(C34="",D34=""),"",IF(OR(C34="Barely",D34="Loud"),"RED",IF(OR(C34="Broken",D34="Noticeable"),"AMBER","GREEN")))
A35: =$B$4+28 | B35: =A35-$B$4+1 | E35: =IF(OR(C35="",D35=""),"",IF(OR(C35="Barely",D35="Loud"),"RED",IF(OR(C35="Broken",D35="Noticeable"),"AMBER","GREEN")))
A36: =$B$4+29 | B36: =A36-$B$4+1 | E36: =IF(OR(C36="",D36=""),"",IF(OR(C36="Barely",D36="Loud"),"RED",IF(OR(C36="Broken",D36="Noticeable"),"AMBER","GREEN")))
A37: =$B$4+30 | B37: =A37-$B$4+1 | E37: =IF(OR(C37="",D37=""),"",IF(OR(C37="Barely",D37="Loud"),"RED",IF(OR(C37="Broken",D37="Noticeable"),"AMBER","GREEN")))
A38: =$B$4+31 | B38: =A38-$B$4+1 | E38: =IF(OR(C38="",D38=""),"",IF(OR(C38="Barely",D38="Loud"),"RED",IF(OR(C38="Broken",D38="Noticeable"),"AMBER","GREEN")))
A39: =$B$4+32 | B39: =A39-$B$4+1 | E39: =IF(OR(C39="",D39=""),"",IF(OR(C39="Barely",D39="Loud"),"RED",IF(OR(C39="Broken",D39="Noticeable"),"AMBER","GREEN")))
A40: =$B$4+33 | B40: =A40-$B$4+1 | E40: =IF(OR(C40="",D40=""),"",IF(OR(C40="Barely",D40="Loud"),"RED",IF(OR(C40="Broken",D40="Noticeable"),"AMBER","GREEN")))
A41: =$B$4+34 | B41: =A41-$B$4+1 | E41: =IF(OR(C41="",D41=""),"",IF(OR(C41="Barely",D41="Loud"),"RED",IF(OR(C41="Broken",D41="Noticeable"),"AMBER","GREEN")))
A42: =$B$4+35 | B42: =A42-$B$4+1 | E42: =IF(OR(C42="",D42=""),"",IF(OR(C42="Barely",D42="Loud"),"RED",IF(OR(C42="Broken",D42="Noticeable"),"AMBER","GREEN")))
A43: =$B$4+36 | B43: =A43-$B$4+1 | E43: =IF(OR(C43="",D43=""),"",IF(OR(C43="Barely",D43="Loud"),"RED",IF(OR(C43="Broken",D43="Noticeable"),"AMBER","GREEN")))
A44: =$B$4+37 | B44: =A44-$B$4+1 | E44: =IF(OR(C44="",D44=""),"",IF(OR(C44="Barely",D44="Loud"),"RED",IF(OR(C44="Broken",D44="Noticeable"),"AMBER","GREEN")))
A45: =$B$4+38 | B45: =A45-$B$4+1 | E45: =IF(OR(C45="",D45=""),"",IF(OR(C45="Barely",D45="Loud"),"RED",IF(OR(C45="Broken",D45="Noticeable"),"AMBER","GREEN")))
A46: =$B$4+39 | B46: =A46-$B$4+1 | E46: =IF(OR(C46="",D46=""),"",IF(OR(C46="Barely",D46="Loud"),"RED",IF(OR(C46="Broken",D46="Noticeable"),"AMBER","GREEN")))
A47: =$B$4+40 | B47: =A47-$B$4+1 | E47: =IF(OR(C47="",D47=""),"",IF(OR(C47="Barely",D47="Loud"),"RED",IF(OR(C47="Broken",D47="Noticeable"),"AMBER","GREEN")))
A48: =$B$4+41 | B48: =A48-$B$4+1 | E48: =IF(OR(C48="",D48=""),"",IF(OR(C48="Barely",D48="Loud"),"RED",IF(OR(C48="Broken",D48="Noticeable"),"AMBER","GREEN")))
A49: =$B$4+42 | B49: =A49-$B$4+1 | E49: =IF(OR(C49="",D49=""),"",IF(OR(C49="Barely",D49="Loud"),"RED",IF(OR(C49="Broken",D49="Noticeable"),"AMBER","GREEN")))
A50: =$B$4+43 | B50: =A50-$B$4+1 | E50: =IF(OR(C50="",D50=""),"",IF(OR(C50="Barely",D50="Loud"),"RED",IF(OR(C50="Broken",D50="Noticeable"),"AMBER","GREEN")))
A51: =$B$4+44 | B51: =A51-$B$4+1 | E51: =IF(OR(C51="",D51=""),"",IF(OR(C51="Barely",D51="Loud"),"RED",IF(OR(C51="Broken",D51="Noticeable"),"AMBER","GREEN")))
A52: =$B$4+45 | B52: =A52-$B$4+1 | E52: =IF(OR(C52="",D52=""),"",IF(OR(C52="Barely",D52="Loud"),"RED",IF(OR(C52="Broken",D52="Noticeable"),"AMBER","GREEN")))
A53: =$B$4+46 | B53: =A53-$B$4+1 | E53: =IF(OR(C53="",D53=""),"",IF(OR(C53="Barely",D53="Loud"),"RED",IF(OR(C53="Broken",D53="Noticeable"),"AMBER","GREEN")))
A54: =$B$4+47 | B54: =A54-$B$4+1 | E54: =IF(OR(C54="",D54=""),"",IF(OR(C54="Barely",D54="Loud"),"RED",IF(OR(C54="Broken",D54="Noticeable"),"AMBER","GREEN")))
A55: =$B$4+48 | B55: =A55-$B$4+1 | E55: =IF(OR(C55="",D55=""),"",IF(OR(C55="Barely",D55="Loud"),"RED",IF(OR(C55="Broken",D55="Noticeable"),"AMBER","GREEN")))
A56: =$B$4+49 | B56: =A56-$B$4+1 | E56: =IF(OR(C56="",D56=""),"",IF(OR(C56="Barely",D56="Loud"),"RED",IF(OR(C56="Broken",D56="Noticeable"),"AMBER","GREEN")))
A57: =$B$4+50 | B57: =A57-$B$4+1 | E57: =IF(OR(C57="",D57=""),"",IF(OR(C57="Barely",D57="Loud"),"RED",IF(OR(C57="Broken",D57="Noticeable"),"AMBER","GREEN")))
A58: =$B$4+51 | B58: =A58-$B$4+1 | E58: =IF(OR(C58="",D58=""),"",IF(OR(C58="Barely",D58="Loud"),"RED",IF(OR(C58="Broken",D58="Noticeable"),"AMBER","GREEN")))
A59: =$B$4+52 | B59: =A59-$B$4+1 | E59: =IF(OR(C59="",D59=""),"",IF(OR(C59="Barely",D59="Loud"),"RED",IF(OR(C59="Broken",D59="Noticeable"),"AMBER","GREEN")))
A60: =$B$4+53 | B60: =A60-$B$4+1 | E60: =IF(OR(C60="",D60=""),"",IF(OR(C60="Barely",D60="Loud"),"RED",IF(OR(C60="Broken",D60="Noticeable"),"AMBER","GREEN")))
A61: =$B$4+54 | B61: =A61-$B$4+1 | E61: =IF(OR(C61="",D61=""),"",IF(OR(C61="Barely",D61="Loud"),"RED",IF(OR(C61="Broken",D61="Noticeable"),"AMBER","GREEN")))
A62: =$B$4+55 | B62: =A62-$B$4+1 | E62: =IF(OR(C62="",D62=""),"",IF(OR(C62="Barely",D62="Loud"),"RED",IF(OR(C62="Broken",D62="Noticeable"),"AMBER","GREEN")))
A63: =$B$4+56 | B63: =A63-$B$4+1 | E63: =IF(OR(C63="",D63=""),"",IF(OR(C63="Barely",D63="Loud"),"RED",IF(OR(C63="Broken",D63="Noticeable"),"AMBER","GREEN")))
A64: =$B$4+57 | B64: =A64-$B$4+1 | E64: =IF(OR(C64="",D64=""),"",IF(OR(C64="Barely",D64="Loud"),"RED",IF(OR(C64="Broken",D64="Noticeable"),"AMBER","GREEN")))
A65: =$B$4+58 | B65: =A65-$B$4+1 | E65: =IF(OR(C65="",D65=""),"",IF(OR(C65="Barely",D65="Loud"),"RED",IF(OR(C65="Broken",D65="Noticeable"),"AMBER","GREEN")))
A66: =$B$4+59 | B66: =A66-$B$4+1 | E66: =IF(OR(C66="",D66=""),"",IF(OR(C66="Barely",D66="Loud"),"RED",IF(OR(C66="Broken",D66="Noticeable"),"AMBER","GREEN")))
A67: =$B$4+60 | B67: =A67-$B$4+1 | E67: =IF(OR(C67="",D67=""),"",IF(OR(C67="Barely",D67="Loud"),"RED",IF(OR(C67="Broken",D67="Noticeable"),"AMBER","GREEN")))
A68: =$B$4+61 | B68: =A68-$B$4+1 | E68: =IF(OR(C68="",D68=""),"",IF(OR(C68="Barely",D68="Loud"),"RED",IF(OR(C68="Broken",D68="Noticeable"),"AMBER","GREEN")))
A69: =$B$4+62 | B69: =A69-$B$4+1 | E69: =IF(OR(C69="",D69=""),"",IF(OR(C69="Barely",D69="Loud"),"RED",IF(OR(C69="Broken",D69="Noticeable"),"AMBER","GREEN")))
A70: =$B$4+63 | B70: =A70-$B$4+1 | E70: =IF(OR(C70="",D70=""),"",IF(OR(C70="Barely",D70="Loud"),"RED",IF(OR(C70="Broken",D70="Noticeable"),"AMBER","GREEN")))
A71: =$B$4+64 | B71: =A71-$B$4+1 | E71: =IF(OR(C71="",D71=""),"",IF(OR(C71="Barely",D71="Loud"),"RED",IF(OR(C71="Broken",D71="Noticeable"),"AMBER","GREEN")))
A72: =$B$4+65 | B72: =A72-$B$4+1 | E72: =IF(OR(C72="",D72=""),"",IF(OR(C72="Barely",D72="Loud"),"RED",IF(OR(C72="Broken",D72="Noticeable"),"AMBER","GREEN")))
A73: =$B$4+66 | B73: =A73-$B$4+1 | E73: =IF(OR(C73="",D73=""),"",IF(OR(C73="Barely",D73="Loud"),"RED",IF(OR(C73="Broken",D73="Noticeable"),"AMBER","GREEN")))
A74: =$B$4+67 | B74: =A74-$B$4+1 | E74: =IF(OR(C74="",D74=""),"",IF(OR(C74="Barely",D74="Loud"),"RED",IF(OR(C74="Broken",D74="Noticeable"),"AMBER","GREEN")))
A75: =$B$4+68 | B75: =A75-$B$4+1 | E75: =IF(OR(C75="",D75=""),"",IF(OR(C75="Barely",D75="Loud"),"RED",IF(OR(C75="Broken",D75="Noticeable"),"AMBER","GREEN")))
A76: =$B$4+69 | B76: =A76-$B$4+1 | E76: =IF(OR(C76="",D76=""),"",IF(OR(C76="Barely",D76="Loud"),"RED",IF(OR(C76="Broken",D76="Noticeable"),"AMBER","GREEN")))
A77: =$B$4+70 | B77: =A77-$B$4+1 | E77: =IF(OR(C77="",D77=""),"",IF(OR(C77="Barely",D77="Loud"),"RED",IF(OR(C77="Broken",D77="Noticeable"),"AMBER","GREEN")))
A78: =$B$4+71 | B78: =A78-$B$4+1 | E78: =IF(OR(C78="",D78=""),"",IF(OR(C78="Barely",D78="Loud"),"RED",IF(OR(C78="Broken",D78="Noticeable"),"AMBER","GREEN")))
A79: =$B$4+72 | B79: =A79-$B$4+1 | E79: =IF(OR(C79="",D79=""),"",IF(OR(C79="Barely",D79="Loud"),"RED",IF(OR(C79="Broken",D79="Noticeable"),"AMBER","GREEN")))
A80: =$B$4+73 | B80: =A80-$B$4+1 | E80: =IF(OR(C80="",D80=""),"",IF(OR(C80="Barely",D80="Loud"),"RED",IF(OR(C80="Broken",D80="Noticeable"),"AMBER","GREEN")))
A81: =$B$4+74 | B81: =A81-$B$4+1 | E81: =IF(OR(C81="",D81=""),"",IF(OR(C81="Barely",D81="Loud"),"RED",IF(OR(C81="Broken",D81="Noticeable"),"AMBER","GREEN")))
A82: =$B$4+75 | B82: =A82-$B$4+1 | E82: =IF(OR(C82="",D82=""),"",IF(OR(C82="Barely",D82="Loud"),"RED",IF(OR(C82="Broken",D82="Noticeable"),"AMBER","GREEN")))
A83: =$B$4+76 | B83: =A83-$B$4+1 | E83: =IF(OR(C83="",D83=""),"",IF(OR(C83="Barely",D83="Loud"),"RED",IF(OR(C83="Broken",D83="Noticeable"),"AMBER","GREEN")))
A84: =$B$4+77 | B84: =A84-$B$4+1 | E84: =IF(OR(C84="",D84=""),"",IF(OR(C84="Barely",D84="Loud"),"RED",IF(OR(C84="Broken",D84="Noticeable"),"AMBER","GREEN")))
A85: =$B$4+78 | B85: =A85-$B$4+1 | E85: =IF(OR(C85="",D85=""),"",IF(OR(C85="Barely",D85="Loud"),"RED",IF(OR(C85="Broken",D85="Noticeable"),"AMBER","GREEN")))
A86: =$B$4+79 | B86: =A86-$B$4+1 | E86: =IF(OR(C86="",D86=""),"",IF(OR(C86="Barely",D86="Loud"),"RED",IF(OR(C86="Broken",D86="Noticeable"),"AMBER","GREEN")))
A87: =$B$4+80 | B87: =A87-$B$4+1 | E87: =IF(OR(C87="",D87=""),"",IF(OR(C87="Barely",D87="Loud"),"RED",IF(OR(C87="Broken",D87="Noticeable"),"AMBER","GREEN")))
A88: =$B$4+81 | B88: =A88-$B$4+1 | E88: =IF(OR(C88="",D88=""),"",IF(OR(C88="Barely",D88="Loud"),"RED",IF(OR(C88="Broken",D88="Noticeable"),"AMBER","GREEN")))
A89: =$B$4+82 | B89: =A89-$B$4+1 | E89: =IF(OR(C89="",D89=""),"",IF(OR(C89="Barely",D89="Loud"),"RED",IF(OR(C89="Broken",D89="Noticeable"),"AMBER","GREEN")))
A90: =$B$4+83 | B90: =A90-$B$4+1 | E90: =IF(OR(C90="",D90=""),"",IF(OR(C90="Barely",D90="Loud"),"RED",IF(OR(C90="Broken",D90="Noticeable"),"AMBER","GREEN")))
A91: =$B$4+84 | B91: =A91-$B$4+1 | E91: =IF(OR(C91="",D91=""),"",IF(OR(C91="Barely",D91="Loud"),"RED",IF(OR(C91="Broken",D91="Noticeable"),"AMBER","GREEN")))
A92: =$B$4+85 | B92: =A92-$B$4+1 | E92: =IF(OR(C92="",D92=""),"",IF(OR(C92="Barely",D92="Loud"),"RED",IF(OR(C92="Broken",D92="Noticeable"),"AMBER","GREEN")))
A93: =$B$4+86 | B93: =A93-$B$4+1 | E93: =IF(OR(C93="",D93=""),"",IF(OR(C93="Barely",D93="Loud"),"RED",IF(OR(C93="Broken",D93="Noticeable"),"AMBER","GREEN")))
A94: =$B$4+87 | B94: =A94-$B$4+1 | E94: =IF(OR(C94="",D94=""),"",IF(OR(C94="Barely",D94="Loud"),"RED",IF(OR(C94="Broken",D94="Noticeable"),"AMBER","GREEN")))
A95: =$B$4+88 | B95: =A95-$B$4+1 | E95: =IF(OR(C95="",D95=""),"",IF(OR(C95="Barely",D95="Loud"),"RED",IF(OR(C95="Broken",D95="Noticeable"),"AMBER","GREEN")))
A96: =$B$4+89 | B96: =A96-$B$4+1 | E96: =IF(OR(C96="",D96=""),"",IF(OR(C96="Barely",D96="Loud"),"RED",IF(OR(C96="Broken",D96="Noticeable"),"AMBER","GREEN")))
A97: =$B$4+90 | B97: =A97-$B$4+1 | E97: =IF(OR(C97="",D97=""),"",IF(OR(C97="Barely",D97="Loud"),"RED",IF(OR(C97="Broken",D97="Noticeable"),"AMBER","GREEN")))
A98: =$B$4+91 | B98: =A98-$B$4+1 | E98: =IF(OR(C98="",D98=""),"",IF(OR(C98="Barely",D98="Loud"),"RED",IF(OR(C98="Broken",D98="Noticeable"),"AMBER","GREEN")))
A99: =$B$4+92 | B99: =A99-$B$4+1 | E99: =IF(OR(C99="",D99=""),"",IF(OR(C99="Barely",D99="Loud"),"RED",IF(OR(C99="Broken",D99="Noticeable"),"AMBER","GREEN")))
A100: =$B$4+93 | B100: =A100-$B$4+1 | E100: =IF(OR(C100="",D100=""),"",IF(OR(C100="Barely",D100="Loud"),"RED",IF(OR(C100="Broken",D100="Noticeable"),"AMBER","GREEN")))
A101: =$B$4+94 | B101: =A101-$B$4+1 | E101: =IF(OR(C101="",D101=""),"",IF(OR(C101="Barely",D101="Loud"),"RED",IF(OR(C101="Broken",D101="Noticeable"),"AMBER","GREEN")))
A102: =$B$4+95 | B102: =A102-$B$4+1 | E102: =IF(OR(C102="",D102=""),"",IF(OR(C102="Barely",D102="Loud"),"RED",IF(OR(C102="Broken",D102="Noticeable"),"AMBER","GREEN")))
...

Sheet Training Log
A1: TRAINING LOG
A2: One row per set, or one row per exercise using your top set. Estimated 1RM calculates itself.
A4: Date | B4: Sober day | C4: Phase | D4: Session | E4: Exercise | F4: Weight | G4: Reps | H4: RPE | I4: Est. 1RM | J4: Notes
B5: =IF(A5="","",A5-'Daily Check-In'!$B$4+1) | I5: =IF(OR(F5="",G5=""),"",ROUND(F5*(1+G5/30),1))
B6: =IF(A6="","",A6-'Daily Check-In'!$B$4+1) | I6: =IF(OR(F6="",G6=""),"",ROUND(F6*(1+G6/30),1))
B7: =IF(A7="","",A7-'Daily Check-In'!$B$4+1) | I7: =IF(OR(F7="",G7=""),"",ROUND(F7*(1+G7/30),1))
B8: =IF(A8="","",A8-'Daily Check-In'!$B$4+1) | I8: =IF(OR(F8="",G8=""),"",ROUND(F8*(1+G8/30),1))
B9: =IF(A9="","",A9-'Daily Check-In'!$B$4+1) | I9: =IF(OR(F9="",G9=""),"",ROUND(F9*(1+G9/30),1))
B10: =IF(A10="","",A10-'Daily Check-In'!$B$4+1) | I10: =IF(OR(F10="",G10=""),"",ROUND(F10*(1+G10/30),1))
B11: =IF(A11="","",A11-'Daily Check-In'!$B$4+1) | I11: =IF(OR(F11="",G11=""),"",ROUND(F11*(1+G11/30),1))
B12: =IF(A12="","",A12-'Daily Check-In'!$B$4+1) | I12: =IF(OR(F12="",G12=""),"",ROUND(F12*(1+G12/30),1))
B13: =IF(A13="","",A13-'Daily Check-In'!$B$4+1) | I13: =IF(OR(F13="",G13=""),"",ROUND(F13*(1+G13/30),1))
B14: =IF(A14="","",A14-'Daily Check-In'!$B$4+1) | I14: =IF(OR(F14="",G14=""),"",ROUND(F14*(1+G14/30),1))
B15: =IF(A15="","",A15-'Daily Check-In'!$B$4+1) | I15: =IF(OR(F15="",G15=""),"",ROUND(F15*(1+G15/30),1))
B16: =IF(A16="","",A16-'Daily Check-In'!$B$4+1) | I16: =IF(OR(F16="",G16=""),"",ROUND(F16*(1+G16/30),1))
... B424: =IF(A424="","",A424-'Daily Check-In'!$B$4+1) | I424: =IF(OR(F424="",G424=""),"",ROUND(F424*(1+G424/30),1))

Sheet Dashboard
B1: DASHBOARD
B2: Everything here calculates itself. Nothing on this tab needs typing.
B4: SOBRIETY | E4: TRAINING
B5: Current sober day | C5: =IFERROR(MAX(0,TODAY()-'Daily Check-In'!$B$4+1),0) | E5: Sessions completed | F5: =COUNTIF('Daily Check-In'!F7:F106,"Yes")
B6: Days checked in | C6: =COUNTIF('Daily Check-In'!E7:E106,"GREEN")+COUNTIF('Daily Check-In'!E7:E106,"AMBER")+COUNTIF('Daily Check-In'!E7:E106,"RED") | E6: Red Sessions completed | F6: =COUNTIF('Daily Check-In'!F7:F106,"Red Session")
B7: Green days | C7: =COUNTIF('Daily Check-In'!E7:E106,"GREEN") | E7: Total sessions (both count) | F7: =COUNTIF('Daily Check-In'!F7:F106,"Yes")+COUNTIF('Daily Check-In'!F7:F106,"Red Session")
B8: Amber days | C8: =COUNTIF('Daily Check-In'!E7:E106,"AMBER") | E8: Sets logged | F8: =COUNT('Training Log'!F5:F424)
B9: Red days | C9: =COUNTIF('Daily Check-In'!E7:E106,"RED") | E9: Total volume (weight x reps) | F9: =IFERROR(SUMPRODUCT('Training Log'!F5:F424,'Training Log'!G5:G424),0)
B10: Green day rate | C10: =IFERROR(COUNTIF('Daily Check-In'!E7:E106,"GREEN")/(COUNTIF('Daily Check-In'!E7:E106,"GREEN")+COUNTIF('Daily Check-In'!E7:E106,"AMBER")+COUNTIF('Daily Check-In'!E7:E106,"RED")),0) | E10: Program adherence (of 44) | F10: =IFERROR((COUNTIF('Daily Check-In'!F7:F106,"Yes")+COUNTIF('Daily Check-In'!F7:F106,"Red Session"))/44,0)
B12: BEST ESTIMATED 1RM | E12: Matches any exercise name containing the keyword.
B13: Squat | C13: =IFERROR(MAX(IF(ISNUMBER(SEARCH("squat",'Training Log'!$E$5:$E$424)),'Training Log'!$I$5:$I$424)),0)
B14: Bench | C14: =IFERROR(MAX(IF(ISNUMBER(SEARCH("bench",'Training Log'!$E$5:$E$424)),'Training Log'!$I$5:$I$424)),0)
B15: Deadlift | C15: =IFERROR(MAX(IF(ISNUMBER(SEARCH("deadlift",'Training Log'!$E$5:$E$424)),'Training Log'!$I$5:$I$424)),0)
B16: Overhead Press | C16: =IFERROR(MAX(IF(ISNUMBER(SEARCH("overhead",'Training Log'!$E$5:$E$424)),'Training Log'!$I$5:$I$424)),0)
B17: Row | C17: =IFERROR(MAX(IF(ISNUMBER(SEARCH("row",'Training Log'!$E$5:$E$424)),'Training Log'!$I$5:$I$424)),0)
B18: Pull-Up / Pulldown | C18: =IFERROR(MAX(IF(ISNUMBER(SEARCH("pull",'Training Log'!$E$5:$E$424)),'Training Log'!$I$5:$I$424)),0)
B20: These six are array formulas. In Excel 2019 or older, click the cell, press F2 then Ctrl+Shift+Enter. Excel 365, Google Sheets, Numbers and LibreOffice need no extra step.
B22: Not medical advice. Alcohol withdrawal can be dangerous — speak to a doctor. SAMHSA National Helpline (US): 1-800-662-4357.
